Feature,Importance
temp,0.45980289386737727
dwpt,0.39369901692167714
pres,0.04281963013969813
rhum,0.03757491133721878
wdir,0.03500142823874119
wspd,0.02377245944117543
prcp,0.007329660054111919
